"hm:Cart Subtotal:","Subtotaal winkelwagen (Incl. BTW):"
"Thank you for registering with %s.","Bedankt voor het registreren bij %s."
"Your order has been received.","Uw bestelling is ontvangen."
"Contact","Vragen & Contact"
"Proceed to Checkout","Naar Betalen"
"Continue Shopping","Ga door met winkelen"
"Place Order","Bestelling Plaatsen"
"default:Add to Cart","In Winkelwagen"
"Shop By","Filter op"
"Show more","Bekijk meer"
"SUBSCRIBE FOR OFFERS & A 10% DISCOUNT!","MELD JE AAN OM ONZE AANBIEDINGEN TE ONTVANGEN!"
"Your email","Je e-mail"
"Sign Up!","Meld je aan!"
"Verkoop","Sale"
"Special Price","Speciale Prijs"
"Add Accessories To Your Order","Voeg Accessoires Toe Aan Je Bestelling"
"Color %1 is out of stock and will be shipped on %2.","De kleur %1 is momenteel uit voorraad en wordt verstuurd op %2."
"sale","Sale"
"hm:Cart Subtotal","Totaalprijs"
"SEE MORE","BEKIJK MEER"
"shipment_text_producing_days_1","Op werkdagen voor 16:00 uur besteld, morgen in huis."
"shipment_text_producing_days_2","Bestel voor 16:00 uur en je bestelling wordt binnen 2 werkdagen verzonden."
"shipment_text_producing_days_3","Bestel voor 16:00 uur en je bestelling wordt binnen 3 werkdagen verzonden."
"shipment_text_producing_days_4","Bestel voor 16:00 uur en je bestelling wordt binnen 4 werkdagen verzonden."
"shipment_text_producing_days_5","Bestel voor 16:00 uur en je bestelling wordt binnen 6 werkdagen verzonden."
"shipment_text_producing_days_8","Bestel voor 16:00 uur en je bestelling wordt binnen 8 werkdagen verzonden."
"shipment_text_producing_days_10","Bestel voor 16:00 uur en je bestelling wordt binnen 10 werkdagen verzonden."
"color_%s_shipment_text_producing_days_%s","Dit %s artikel kan binnen %s werkdag(en) worden verzonden."
"The total production time of the items in your basket is: %s days.","Jouw bestelling bevat artikelen met een productietijd van %s dagen. Deze dienen opgeteld te worden bij onderstaande levertijd."
"Add a Special Notecard","Voeg een speciaal bericht toe"
"Please type your card text here...","Voer hier je tekst in..."
"You have a maximum of 5 lines. Please use latin characters only and no emoticons.","De tekst heeft een maximum van 5 regels. Gebruik geen emoji's of speciale tekens."
"Select a Gift Wrapping","Kies een cadeauverpakking"
"Select your gift wrapping","Kies je cadeauverpakking"
"Make your product extra special by wrapping it in our high quality, shiny and beautiful gift wrapping!","Maak je cadeau onvergetelijk met een van onze originele verpakkingsopties. Laat je cadeau opvallen met een van onze geweldige verpakkingen."
"No thank you","Nee, bedankt"
"One or more items in your order are not on stock. Your total order will be shipped on %s","Een of meerdere artikelen van je bestelling zijn niet op voorraad. Je complete bestelling wordt verstuurd op %s"
"Coupon code ""%s"" was applied.","De kortingscode ""%s"" wordt toegepast op de betaalpagina."
"Other brands","Meer merken"
"Sort By","Sorteer"
"Mage_Catalog::Position","Populariteit"
"Delete Account","Account verwijderen"
"Your account has been successfully deleted and/or anonymised.","Uw account is succesvol verwijderd en/of geanonimiseerd."
"If you proceed to delete your account, all account data we hold about you will be destroyed or anonymised. This operation cannot be un-done.","Als u doorgaat met het verwijderen van uw account, worden alle accountgegevens die wij over u hebben vernietigd. Deze bewerking kan niet ongedaan worden gemaakt."
"Delete my account","Verwijder mijn account"
"Make a picture of your purchase to clearly illustrate your issue","Maak een foto van uw aankoop om uw probleem duidelijk weer te geven"
"Type your comment in 200 characters here...","Typ hier je reactie in 200 karakters"
"Upload","Upload"
"2nd Line Address","Toevoeging"
"not_tracked","Zonder tracking"
"tracked_without_sign","Track&Trace zonder handtekening"
"tracked_with_sign","Track&Trace met handtekening"
"moneyback_guarantee","Gegarandeerde levering"
"House No.","Huisnummer"
"Your order is expected to be ready for shipping on %s","Uw bestelling is naar verwachting gereed voor verzending op %s"
"Mage_Checkout::Continue Shopping","Ga door met winkelen"
"Mage_Checkout::Proceed to Checkout","Betalen"
"Street","Straat"
"Create account for later use","Maak een account voor later gebruik"
"Delivery","Verzendwijze"
"Estimated delivery:","Geschatte levering:"
"Estimated delivery","Geschatte levering"
"Collect from a pick-up point","Ophalen bij ophaalpunt"
"Collect your parcel at a time that is convenient for you","Haal je bestelling af op ieder gewenst tijdstip."
"No invoice included in the parcel","Geen factuur meegeleverd"
"We expect to ship your order on %s and your order will be delivered on %s","We verzenden je bestelling op %s en verwachten deze op %s bij je te bezorgen."
"We expect to ship your order on %s and your order will be delivered between %s and %s","We verzenden je bestelling op %s en verwachten deze tussen %s en %s bij je te bezorgen."
"%s - %s","tussen %s en %s"
"upload_photo","Kies foto"
"change_picture","Kies nieuwe foto"
"rotate_left","Draai links"
"rotate_right","Draai rechts"
"show_design","Laat ontwerp zien"
"case_color","Kies jouw hoesje"
"design_studio_link","Ga naar onze Ontwerp Studio voor meer ontwerp mogelijkheden!"
"design_studio_popup_text","Wil je meerdere foto's, teksten en filters gebruiken in je ontwerp?"
"design_studio_popup_link","Ga naar onze Ontwerp Studio"
"Glossy","Glanzend"
"Reason for cancelation","Reden voor annulering"
"Wrong product","Ik heb het verkeerde product besteld"
"Changed mind","Ik ben van gedachten veranderd"
"Please note","Let op: we kunnen je bestelling alleen annuleren als deze nog niet geprint of verzonden is"
"View Cart","Naar Winkelwagen"
"edit_picture","Wijzigen"
"Printing specialist","Printspecialist"
"Secure payment methods","Veilige betaling"
"High customer satisfaction","Hoge klanttevredenheid"
"Account","Mijn account"
"Sign In","Inloggen"
"Contact","Contact"
"READ MORE","LEES VERDER"
"View Details","Details bekijken"
"Checkout","Naar Betalen"
"Shipping Address","Afleveradres"
"Email Address","E-mail adres"
"First Name","Voornaam"
"Last Name","Achternaam"
"City","Plaats"
"Company","Bedrijf (optioneel)"
"Street Address: Line 1","Straatadres: regel 1"
"Country","Land"
"State/Province","Staat / provincie"
"Zip/Postal Code","Postcode"
"Phone Number","Telefoonnummer"
"Shipping Method","Verzendwijze"
"Shipping Methods","Verzendwijze"
"Payment Method","Betaalwijze"
"Order Summary","Besteloverzicht"
"Cart Subtotal","Subtotaal"
"Shipping","Verzenden"
"Tax","BTW"
"Order Total","Odertotaal"
"Design now!","Ontwerp nu!"
"Details","Productbeschrijving"
"Additional Info","Extra informatie"
"Reviews","Beoordelingen"
"Shopping Cart","Winkelwagen"
"Items %1-%2 of %3 total","Artikelen %1-%2 van %3 in totaal"
"%1 Item","%1 Artikel"
"%1 Items","%1 Artikelen"
"Show","Toon"
"per page","per pagina"
"Page","Pagina"
"Page:","Pagina:"
"Subtotal","Subtotaal"
"Grand Total","Eindtotaal"
"* Required Fields","* Verplichte velden"
"A new password was sent","Er is een nieuw wachtwoord verzonden"
"Account Dashboard","Account-dashboard"
"Account Information","Account-gegevens"
"Account Sharing Options","Opties account delen"
"Account information was successfully saved","Account-gegevens zijn met succes opgeslagen"
"Action","Actie"
"Add New Address","Nieuw adres toevoegen"
"Add New Customer","Nieuwe klant toevoegen"
"Add New Customer Group","Nieuwe klantengroep toevoegen"
"Added From","Toegevoegd vanaf"
"Additional Address Entries","Extra Adressen"
"Address","Adres"
"Address Book","Adresboek"
"Address Information","Adres Informatie"
"Addresses","Adressen"
"Admin","Beheerder"
"All","Alle"
"All Store Views","Alle winkel-zichten"
"All countries","Alle landen"
"Always optional","Altijd Optioneel"
"Amount","Bedrag"
"Approved","Goedgekeurd"
"Are you sure that you want to remove this item?","Weet u zeker dat u dit artikel wilt verwijderen?"
"Are you sure you want to cancel adding of this address?","Weet u zeker dat u het toevoegen van dit adres wilt annuleren?"
"Are you sure you want to delete this address?","Weet u zeker dat u dit adres wilt verwijderen?"
"Are you sure?","Weet u het zeker?"
"Array of Entity collections is expected","Array van 'Entity collections' wordt verwacht"
"Assign a customer group","Klantengroep toewijzen"
"Average Sale","Gemiddeld bedrag"
"Back","Ga terug"
"Back to Login","Terug naar log-in venster"
"Bad request.","Foute aanvraag"
"Bill to Name","Stuur rekening op naam"
"Billing Information","Betaalgegevens"
"Bought From","Gekocht van"
"CSV","CSV"
"Can't save address","Kan het adres niet opslaan"
"Can't save customer","Kan klant niet opslaan"
"Can't share customer accounts global. Because some customer accounts with same emails exist on multiple websites and cannot be merged.","Kan accounts niet overal delen, omdat sommige accounts hetzelfde e-mailadres op verschillende websites gebruiken en niet samengevoegd kunnen worden."
"Cancel","Annuleren"
"Change Account Password","Account-wachtwoord wijzigen"
"Change Billing Address","Wijzigen"
"Change Password","Wachtwoord wijzigen"
"Change Shipping Address","Wijzigen"
"Company","Bedrijf (optioneel)"
"Config","Config"
"Confirm New Password","Bevestig nieuw wachtwoord"
"Confirm Password","Bevestig wachtwoord"
"Confirmation Link Email","Bevesting-link e-mail"
"Confirmed","Bevestigd"
"Contact Information","Contactgegevens"
"Country","Land"
"Create","Aanmaken"
"Create New Account Options","Nieuwe account-opties aanmaken"
"Create New Customer Account","Nieuw klant-account aanmaken"
"Create Order","Bestelling aanmaken"
"Create an Account","Account aanmaken"
"Create customer","Klant aanmaken"
"Create customer address","Klantadres aanmaken"
"Current Password","Huidig wachtwoord"
"Customer","Klant"
"Customer Addresses","Klantadressen"
"Customer Api","Klant API"
"Customer Configuration","Klant-configuratie"
"Customer Group","Klantengroep"
"Customer Group was successfully deleted","Klantengroep is verwijderd"
"Customer Group was successfully saved","Klantengroep is opgeslagen"
"Customer Groups","Klantengroepen"
"Customer Information","Klantgegevens"
"Customer Login","Klant-login"
"Customer Since","Klant sinds"
"Customer View","Overzicht"
"Customer collection expected","'Customer collection' verwacht"
"Customer doesn't have primary billing address","Klant heeft geen primair factuuradres"
"Customer email already exists","E-mailadres van klant bestaat al"
"Customer website id must be specified, when using website scope.","Website-id van klant moet gespecificeerd zijn bij gebruik van website scope."
"Customers","Klanten"
"Customers Only","Alleen klanten"
"Customers Section","Sectie Klanten"
"DD","DD"
"Date","Datum"
"Date Added","Datum toegevoegd"
"Date of Birth","Geboortedatum"
"Date of Birth is required.","Geboortedatum is verplicht"
"Day","Dag"
"Days in Wishlist","Dagen op verlanglijst"
"Default Addresses","Standaard-adressen"
"Default Billing Address","Standaard-factuuradres"
"Default Email Domain","Standaard e-maildomein"
"Default Group","Standaardgroep"
"Default Shipping Address","Standaard-leveringsadres"
"Default Welcome Email","Standaard welkomst-mail"
"Delete","Verwijder"
"Delete Address","Adres verwijderen"
"Delete Customer","Klant verwijderen"
"Delete Customer Group","Klantengroep verwijderen"
"Delete customer","Klant verwijderen"
"Delete customer address","Klantadres verwijderen"
"Deleted Stores","Verwijderde winkels"
"Disabled","Uitgeschakeld"
"Edit","Wijzigen"
"Edit Account Info","Accountgegevens bewerken"
"Edit Account Information","Accountgegevens bewerken"
"Edit Address","Adres bewerken"
"Edit Address Entry","Adres bewerken"
"Edit Customer Group ""%s""","Bewerken klantengroep ""%s"""
"Edit Customer Groups","Klantengroepen bewerken"
"Edit Customer's Address","Klantadres bewerken"
"Edit Group","Groep bewerken"
"Edit Newsletter Subscription","Nieuwsbrief-abonnement bewerken"
"Edit Newsletters","Nieuwsbrieven bewerken"
"Edit Personal Information","Persoonsgegeves bewerken"
"Email","E-mail"
"Email Address","E-mailadres"
"Email Sender","E-mail afzender"
"Entity collection is expected","'Entity collection' wordt verwacht"
"Error during retrieval of option value: %s","Fout tijdens opvragen van optiewaarde: %s-"
"Ext. Price","Ext. prijs"
"Failed to confirm customer account.","Bevestigen van klantaccount mislukt"
"Fax","Fax"
"First Name","Voornaam"
"First name can't be empty","Veld Voornaam mag niet leeg zijn"
"Forgot Email Sender","Afzender e-mail vergeten"
"Forgot Email Template","Template e-mail vergeten"
"Forgot Your Password","Uw wachtwoord vergeten"
"Forgot Your Password?","Uw wachtwoord vergeten?"
"From your My Account Dashboard you have the ability to view a snapshot of your recent account activity and update your account information. Select a link below to view or edit information.","Vanuit uw Account Dashboard kunt u een snapshot bekijken van uw recente account-activiteit en uw accountgegevens updaten. Selecteer een link hieronder om gegevens te bekijken en te bewerken."
"General Subscription","Algemeen abonnement"
"Global","Systeem"
"Go to Address Book","Ga naar adresboek"
"Grand Total: %s","Totaal: %s"
"Group","Groep"
"Group ""%s"" can not be deleted","Groep ""%s"" kan niet worden verwijderd"
"Group Information","Groepsgegevens"
"Group Name","Groepsnaam"
"Guest","Gast"
"HTML","HTML"
"Hello, %1!","Hallo, %1!"
"ID","ID"
"IP Address","IP-adres"
"Invalid attribute option specified for attribute %s (%s), skipping the record","Ongeldige attribuut-optie opgegeven voor attribuut %s (%s), record wordt overgeslagen"
"Invalid attribute set specified, skipping the record","Ongeldige attributenset opgegeven, record wordt overgeslagen"
"Invalid current password","Huidig wachtwoord ongeldig"
"Invalid customer data","Ongeldige klantgegevens"
"Invalid email address","Ongeldig e-mailadres"
"Invalid email address ""%s""","Ongeldig e-mailadres ""%s"""
"Invalid login or password.","Ongeldige gebruikersnaam en/of wachtwoord."
"Invalid option id specified for %s (%s), skipping the record","Ongeldig optie-ID opgegeven voor %s (%s), record wordt overgeslagen"
"Invalid store specified, skipping the record","Ongeldige winkel opgegeven, record wordt overgeslagen"
"Items Order","Artikelen in bestelling"
"Last 5 Orders","Laatste 5 bestellingen"
"Last Activity","Laatste activiteit"
"Last Name","Achternaam"
"Last Url","Laatste URL"
"Last Viewed Items","Laatst bekeken artikel"
"Last date subscribed","Laatste datum geabonneerd"
"Last date unsubscribed","Laatste datum uitgeschreven"
"Last name can't be empty","Achternaam moet ingevuld zijn"
"Leave empty for default (15 minutes).","Laat leeg voor standaard (15 minuten)."
"Leave empty for default (2). Valid range: 1-4",""
"Lifetime Sales","Verkooptotaal vanaf eerste bestelling"
"Log In","Inloggen"
"Log Out","Log uit"
"Sign Out","Log uit"
"Log in or Create an Account","Log in of maak een account aan"
"Login","Inloggen"
"Login Information","Login-gegevens"
"Login and password are required","Login en wachtwoord zijn verplicht"
"M.I.","M.I."
"MM","MM"
"Manage Addresses","Beheer adressen"
"Manage Customers","Beheer klanten"
"Missing email, skipping the record","E-mail ontbreekt, record wordt overgeslagen"
"Missing firstname, skipping the record","Voornaam ontbreekt, record wordt overgeslagen"
"Missing lastname, skipping the record","Achternaam ontbreekt, record wordt overgeslagen"
"Month","Maand"
"My Account","Mijn account"
"My Account Dashboard","Mijn account-dashboard"
"My Dashboard","Mijn dashboard"
"My Orders","Mijn orders"
"My Reviews","Mijn reviews"
"My Tags","Mijn tags"
"My Wishlist","Mijn verlanglijst"
"Name","Naam"
"Name and Address Options","Naam- en adres-opties"
"Never","Nooit"
"New Address","Nieuw adres"
"New Address Entry","Nieuw adres toevoegen"
"New Customer","Nieuwe klant"
"New Customer Address","Nieuw klantadres"
"New Customer Group","Nieuwe klantengroep"
"New Customer Groups","Nieuwe klantengroepen"
"New Group","Nieuwe groep"
"New Password","Nieuw wachtwoord"
"New account","Nieuw account"
"New account confirmation key","Bevestigingscode nieuw account"
"New account confirmed","Nieuw account bevestigd"
"New password","Nieuw wachtwoord"
"Newsletter","Nieuwsbrief"
"Newsletter Finish","Nieuwsbrief afsluiten"
"Newsletter Information","Nieuwsbriefgegevens"
"Newsletter Received","Nieuwsbrief ontvangen"
"Newsletter Start","Nieuwsbrief starten"
"Newsletter Subscription","Nieuwsbriefabonnement"
"Newsletters","Nieuwsbrieven"
"No Items Found","Geen artikelen gevonden"
"No Newsletter Found","Geen nieuwsbrief gevonden"
"No item specified.","Geen artikel gespecificeerd."
"No product collections found","Geen productverzamelingen gevonden"
"Not Sent","Niet verzonden"
"Not confirmed, can login","Niet bevestigd, kan inloggen"
"Not confirmed, cannot login","Niet bevestigd, kan niet inloggen"
"Number of lines in a street address","Aantal regels voor een straatnaam"
"Offline","Offline"
"Online","Online"
"Online Customers","Online-klanten"
"Online Customers Options","Online-klanten Opties"
"Online Minutes Interval","Online-minuteninterval"
"Order #","Bestelnummer"
"Order #%s (%s)","Bestelling #%s (%s)"
"Order List...","Bestellijst..."
"Orders","Bestellingen"
"PDF","PDF"
"Password","Wachtwoord"
"Password Management","Beheer wachtwoorden"
"Password Options","Wachtwoord-opties"
"Password can't be empty","Wachtwoord mag niet leeg zijn."
"Password fields can't be empty.","Wachtwoordvelden mogen niet leeg zijn."
"Password forgotten","Wachtwoord vergeten"
"Password minimal length must be more %s","Minimale wachtwoordlengte moet meer zijn dan %s"
"Password must have at least 6 characters. Leading or trailing spaces will be ignored.","Wachtwoord moet uit tenminste zes tekens bestaan. Spaties voor- of achteraan zullen genegeerd worden ."
"Paused","Gepauzeerd"
"Payment Method","Betaalwijze"
"Pending","Wachtende"
"Per Website","Per website"
"Personal Information","Persoonlijke gegevens"
"Please enter your email below and we'll send you a new password.","Vul hieronder uw emailadres in en we sturen u een nieuw wachtwoord."
"Please enter your email below and we'll send you confirmation link for it.","Vul alstublieft hieronder uw email adres in en we sturen u een bevestiging-link."
"Please enter your email.","Vul uw e-mail adres in a.u.b."
"Please select","Selecteer a.u.b."
"Please select region, state or province","Selecteer een gebied, staat of provincie a.u.b."
"Please, check your e-mail for confirmation key.","Check uw email voor de bevestiging-code.a.u.b."
"Prefix","Titel"
"Prefix dropdown options","Dropdown-opties voorvoegsel"
"Primary Billing Address","Primair factuuradres"
"Primary Shipping Address","Primair afleveradres"
"Problem saving the collection, aborting. Error: %s","Probleem bij opslaan van verzameling. Magento sluit af. Fout: %s"
"Product","Product"
"Product ID","Product-ID"
"Product Name","Productnaam"
"Product Reviews","Product-reviews"
"Product Tags","Eigen tags"
"Product name","Productnaam"
"Purchase On","Aankoop op"
"Purchased at","Gekocht bij"
"Qty","Aantal"
"Recent Orders","Recente orders"
"Records for ""","Records voor """
"Refunded","Terugbetaald"
"Remove","Verwijderen"
"Require Emails Confirmation","E-mailbevestiging verplichten"
"Retrieve address data","Adresgegevens ophalen"
"Retrieve address info","Adresgegevens ophalen"
"Retrieve customer addresses","Klantadressen ophalen"
"Retrieve customer data","Klantgegevens ophalen"
"Retrieve customer's groups","Groepen van klant ophalen"
"Retrieve customers","Klanten ophalen"
"Retrieve customers info","Klantgegevens ophalen"
"Retrieve your confirmation link here","Haal hier uw bevestigingslink op"
"Retrieve your password here","Vraag uw wachtwoord hier op"
"SKU","Artikelnummer"
"Sales Statistics","Verkoopstatistiek"
"Save","Opslaan"
"Save Address","Adres opslaan"
"Save Customer","Klant opslaan"
"Save Customer Group","Klantengroep opslaan"
"Save Password","Wachtwoord opslaan"
"Saved","Opgeslagen"
"Semicolon (;) separated values.<br/>Put semicolon in the beginning for empty first option.<br/>Leave empty for open text field.","Waarden scheiden met puntkomma (;) <br/>Zet een puntkomma aan het begin voor een lege eerste optie.<br/> Niets invullen voor een leeg tekstveld."
"Send Welcome Email after Confirmation","Welkomstbericht mailen na bevestiging"
"Send auto-generated password","Automatisch gegenereerd wachtwoord versturen"
"Send confirmation link","Bevestingingslink versturen"
"Send welcome email","Welkomstbericht mailen"
"Sending","Bezig met verzenden"
"Sent","Verzonden"
"Session Start Time","Aanvangstijd sessie"
"Set as Default Billing Address","Als standaard-factuuradres instellen"
"Set as Default Shipping Address","Als standaard-afleveradres instellen"
"Share Customer Accounts","Klant-accounts delen"
"Ship to First name","Verzend op voornaam"
"Ship to Last name","Verzend naar achternaam"
"Shipped to First Name","Verzonden aan voornaam"
"Shipped to Last Name","Verzonden aan achternaam"
"Shipped to Name","Verzonden aan naam"
"Shipping Information","Verzendgegevens"
"Shopping Cart","Winkelwagen"
"Shopping Cart - %d item(s)","Winkelwagen - %d artikel(en)"
"Show Tax/VAT number","BTW-nummer tonen"
"Show date of birth","Geboortedatum tonen"
"Show middle name (initial)","Midden-initiaal tonen"
"Show prefix","Voorvoegsel tonen"
"Show suffix","Achtervoegsel tonen"
"Sign Up for Newsletter","Abonneer u op onze nieuwsbrief"
"Sign up for our newsletter","Abonneer op onze nieuwsbrief"
"Skip import row, required field ""%s"" not defined","Sla importeren van rij over, benodigd veld “%s” niet opgegeven"
"Skip import row, website ""%s"" field not exists","Sla importeer-rij over, website ""%s"" veld bestaat niet"
"State/Province","Provincie"
"Status","Status"
"Store","Winkel"
"Store View","Winkelzicht"
"Street Address","Adres"
"Street Address","Adres 2"
"Subject","Onderwerp"
"Submit","Verstuur"
"Subscribe","Inschrijven"
"Subscribe to newsletter","Abonneer op nieuwsbrief"
"Subscribe to Newsletter","Abonneer op nieuwsbrief"
"Subscribed to Newsletter?","Geabonneerd op nieuwsbrief?"
"Suffix","Achtervoegsel"
"Suffix dropdown options","Dropdown-opties achtervoegsel"
"TAX/VAT number is required.","BTW-nummer is verplicht"
"Tag Name","Tag-naam"
"Tax Class","BTW-tariefgroep"
"Tax class","BTW-groep"
"Tax/VAT number","BTW-nummer"
"Telephone","Telefoon"
"Text","Tekst"
"Text One Line","Tekst @eacute;@eacute;n regel"
"The address does not belong to this customer","Dit adres is niet van deze klant"
"The address was successfully deleted","Het adres is verwijderd"
"The address was successfully saved","Het adres is opgeslagen"
"The suffix that goes after name (Jr., Sr., etc.)","De afkorting die achter de naam staat (Jr., Sr., etc.)"
"The title that goes before name (Mr., Mrs., etc.)","De aanhef die voor de naam staat (heer, mevrouw, etc.)"
"There are no items in customer's wishlist at the moment","Er staan momenteel geen artikelen op de verlanglijst van de klant"
"There are no items in customer's shopping cart at the moment","Op dit moment zitten er geen artikelen in de winkelwagen van de klant"
"There was an error while deleting the address","Er is een fout opgetreden bij het verwijderen van het adres"
"This Email will be sent instead of Default Welcome Email, after Account Confirmation.","Deze e-mail wordt verstuurd in plaats van het standaard-welkomstbericht, na de bevestiging van het account"
"This account is not confirmed.","Dit account is niet bevestigd."
"This customer has no saved addresses.","Deze klant heeft geen opgeslagen adressen."
"This e-mail does not require confirmation.","Deze e-mail hoeft niet bevestigd te worden."
"This email address was not found in our records","Dit e-mail adres is niet gevonden in ons bestand"
"This is My Primary %s Address","Dit is mijn primaire %s-adres"
"To Cart","Naar Winkelwagen"
"Total","Totaal"
"Type","Type"
"Unknown","Onbekend"
"Unsubscribe from newsletter","Uitschrijven bij nieuwsbrief"
"Update","Bijwerken"
"Update customer address data","Adresgegevens van klant updaten"
"Update customer data","Klantgegevens updaten"
"Use as My Primary %s Address","Als mijn primaire %s-adres gebruiken"
"Use as my default billing address","Als mijn standaard-factuuradres gebruiken"
"Use as my default shipping address","Als mijn standaard-afleveradres"
"User description","Beschrijving gebruikers"
"View","Bekijken"
"View Order","Bestelling bekijken"
"View Order List","Bestellijst bekijken"
"Visible In","Zichtbaar in"
"Visitor","Bezoeker"
"Visitors Only","Alleen bezoekers"
"Website","Website"
"Welcome Email","Welkomst-mail"
"Wishlist","Verlanglijst"
"Wishlist - %d item(s)","Verlanglijst - %d artikel(en)"
"Wrong confirmation key.","Onjuiste bevestigingscode"
"Wrong customer account specified.","Onjuist klant-account gespecificeerd."
"Wrong email.","Onjuist e-mailadres."
"Wrong region id by selected country","Fout gebied-id bij geselecteerd land"
"Wrong transactional account email type.","Onjuist type transactionele e-mail"
"XML","XML"
"YYYY","JJJJ"
"Year","Jaar"
"You are currently not subscribed to any newsletter.","Momenteel bent u niet op een nieuwsbrief geabonneerd."
"You are currently not subscribed to our newsletter","Momenteel bent u niet geabonneerd op onze nieuwsbrief."
"You are currently subscribed to 'General Subscription'.","Momenteel bent u geabonneerd op het Algemene Abonnement."
"You are currently subscribed to our newsletter","U bent momenteel geabonneerd op onze nieuwsbrief"
"You are currently subscribed to our newsletter.","U bent momenteel geabonneerd op onze nieuwsbrief."
"You have been successfully logged out and will be redirected to our homepage in 5 seconds.","U bent nu uitgelogd en wordt binnen 5 seconden naar onze homepage doorgestuurd."
"You have no additional address entries in your address book.","U hebt geen extra adressen in uw adresboek."
"You have no additional entries in your address book.","U hebt geen extra adressen in uw adresboek."
"You have no default billing address in your address book.","U hebt geen standaard-factuuradres in uw adresboek."
"You have no default shipping address in your address book.","Uw hebt geen standaard-afleveradres in uw adresboek."
"You have no primary entries in your address book.","U hebt geen primaire adressen in uw adresboek"
"You have not set a primary billing address.","U heeft geen primair factuuradres ingesteld."
"You have not set a primary shipping address.","U hebt geen primair afleveradres ingesteld."
"You have placed no orders yet.","U hebt nog geen bestellingen geplaatst."
"You have placed no products yet.","U hebt nog geen producten toegevoegd."
"You're now Logged Out","U bent nu uitgelogd"
"Your account balance is: %s","De balans van uw account is: %s"
"ZIP","Postcode"
"ZIP/Post Code","Postcode"
"ZIP/Postal Code","Postcode"
"Zip/Postal Code","Postcode"
"n/a","n.v.t."
"or","of"
"How can we help you?","Hoe kunnen we je helpen?"
"Popular topics:", "Populaire onderwerpen:"
"Topics", "Onderwerpen"
"Email address", "Emailadres"
"Name", "Naam"
"Question related to", "Mijn ondersteuning heeft te maken met"
"My preferred solution", "Gewenste oplossing"
"Upload an image", "Upload een foto van het probleem"
"Description of the issue", "Opmerkingen"
"Hi %s, Please include as much detail as possible","Hi %s, specificeer je support aanvraag"
"My product(s)", "Mijn ontvangen product(en)"
"Submit", "Verstuur"
"change","wijzig"
"My shipment","Mijn verzending"
"Cancel order", "Bestelling annuleren"
"Others", "Anderen"
"Next","Volgende"
"Please note that we can only cancel your order if we did not start printing and shipping your product.", "Let op: we kunnen je bestelling alleen annuleren als deze nog niet geprint of verzonden is."
"Shopping Cart","Winkelwagen"
"Set Ascending Direction","Van laag naar hoog sorteren"
"Set Descending Direction","Van hoog naar laag sorteren"
"Position","Populariteit"
"Clear All","Alles wissen"
"Didn't find what you're looking for?","Hebben we je nog niet kunnen helpen? Neem contact met ons op voor direct support."
"contact us","neem contact op"
"Checkout Review","Evaluatie Betaling"
"Delivery and payment","Bezorgen en betalen"
"Discount Code","Kortingcodes"
"Enter your coupon code if you have one.","Voer een kortingscode in als u er een heeft."
"Enter a discount code if you got it.","Voer een kortingscode in als u er een heeft."
"Apply Coupon","Kortingsbon gebruiken"
"toev.","Toev."
"Quantity","Stuks"
"Billing Address","Factuuradres"
"Order now and your order will be shipped on %s!","Bestel nu en je bestelling wordt verzonden op %s!"
"Order now and your order will be shipped on %1!","Bestel nu en je bestelling wordt verzonden op %1!"
"My billing and shipping address are the same","Mijn factuur-en afleveradres zijn hetzelfde"
"Existing customer? Log in to your account","Al klant? Log dan in op uw account"
"Start typing your address or zip/postal code","Begin met het typen van uw adres of postcode"
"Not yet calculated","Nog niet berekend"
"More Brands","Meer merken"
"Other Products","Andere producten"
"MORE BRANDS","Meer merken"
"OTHER BRANDS","Andere producten"
"Street Name","Adres"
"House Number","Huisnr."
"House number and addition","Huisnr."
"Additional Address","Toev."
"Please select one or more attributes.","Selecteer een of meer attributen."
"Be the first to review this product","Schrijf de eerste review van dit product"
"Add Your Review", "Voeg uw recensie toe"
"Newsletter Subscriptions", "Nieuwsbrief Abonnementen"
"Privacy Settings", "Privacy instellingen"
"My Product Reviews", "Mijn productrecensies"
"Select location","Selecteer een locatie"
"To place your order, you must agree to the terms and conditions.","Om uw bestelling te plaatsen, moet u akkoord gaan met de algemene voorwaarden."
"Enter Keyword or Item","Voer trefwoord of item in"
"Search entire store here...", "Zoek hier de hele winkel..."
"Prev","Vorige"
"Previous","Vorige"
"Next","Volgende"
"Your search returned no products.","Uw zoekopdracht heeft geen producten opgeleverd."
"Search results for: '%1'","Zoekresultaten voor: '%1'"
"There are no products matching the selection.","Er zijn geen producten die overeenkomen met de selectie."
"Home","Home"
"Recently Viewed Products","Recent Bekeken Producten"
"Your search returned no results.","Je zoekopdracht heeft geen resultaten opgeleverd."
"Did you mean","Bedoelde je"
"Related Terms","Gerelateerde Termen"
"This is a required field.","Dit is een verplicht veld."
"The order wasn't placed. First, agree to the terms and conditions, then try placing your order again.","De bestelling is niet geplaatst. Ga eerst akkoord met de algemene voorwaarden en probeer vervolgens opnieuw uw bestelling te plaatsen."
"Please choose your phone type", "Kies je telefoontype a.u.b."
"Life is a matter of choices and every choice you make, makes you.", "Het leven is een kwestie van keuzes en elke keuze die je maakt, maakt jou."
"You added %s to your shopping cart.","U heeft %s aan uw winkelwagen toegevoegd."
"You added %1 to your shopping cart.","U heeft %1 aan uw winkelwagen toegevoegd."
"We can't add this item to your shopping cart right now.","We kunnen dit artikel nu niet aan je winkelwagen toevoegen."
"Recently added item(s)","Recent toegevoegde artikelen"
"Thank you for your purchase!","Bedankt voor je aankoop!"
"Print receipt", "Printbon"
"Your order # is: %1.", "Uw bestelnummer is: %1."
"We'll email you an order confirmation with details and tracking info.", "We sturen je een orderbevestiging met details en trackinginformatie."
"We expect to ship your order on %1 and your order will be delivered on %2.", "We verwachten uw bestelling op %1 te verzenden en uw bestelling wordt geleverd op %2."
"We expect to ship your order on %1 and your order will be delivered between %2 and %3.", "We verwachten uw bestelling op %1 te verzenden en uw bestelling zal tussen %2 en %3 worden bezorgd."
"We expect to ship your order on %1.", "We verwachten uw bestelling op %1 te verzenden."
"The requested qty exceeds the maximum qty allowed in shopping cart","De gevraagde hoeveelheid overschrijdt de maximaal toegestane hoeveelheid in het winkelwagentje"
"Are you sure you would like to remove this item from the shopping cart?","Weet je zeker dat je dit artikel uit de winkelwagen wilt verwijderen?"
"The shipping method is missing. Select the shipping method and try again.","De verzendmethode ontbreekt. Selecteer de verzendmethode en probeer het opnieuw."
"Back to Store","Terug naar winkel"
"For delivery questions.","Voor leveringsvragen."
"Ship here","Schip hier"
"Some addresses can't be used due to the configurations for specific countries.","Sommige adressen kunnen niet worden gebruikt vanwege de configuraties voor specifieke landen."
"An error occurred on the server. Please try to place the order again.","Er is een fout opgetreden op de server. Probeer de bestelling opnieuw te plaatsen."
"Submit chosen location","Gekozen locatie indienen"
"Pickup locations found","Ophaallocaties gevonden"
"Filter pickup locations","Ophaallocaties filteren"
"Postcode, city, street, house","Postcode, stad, straat, huis"
"Search","Zoeken"
"search","zoeken"
"Late open (after: 18:00)","Laat open (na: 18:00)"
"Open early (before 9:00)","Vroeg open (vóór 9.00 uur)"
"Open on Sunday","Open op zondag"
"Choose a pickup location","Kies een ophaallocatie"
"I would like to receive a new one","Ik ontvang graag nieuw(e) product(en)"
"I would like to get a refund","Ik ontvang graag mijn geld terug"
"Select subcategory", "Selecteer subcategorie"
"Choose your solution", "Kies oplossing"
"Print quality","Print kwaliteit"
"Product quality (item)","Productkwaliteit (artikel)"
"Wrong product (does not fit)","Verkeerd product (past niet)"
"It is not what I expected","Het is niet wat ik had verwacht"
"Package not yet arrived","Pakket nog niet aangekomen"
"Choose another Topic","Kies een ander onderwerp"
"Need help? Contact us here","Hulp nodig? Neem hier contact met ons op"
"Contact with Gocustomized support", "Contact met Gocustomized ondersteuning"
"Hi %1, please specify your support request", "Hi %1, specificeer je support aanvraag"
"Hi %1, how can we help you?", "Hi %1, hoe kunnen we je helpen?"
"I need assistance with", "Ik heb hulp nodig met"
"My received product(s)", "Mijn ontvangen product(en)"
"My delivery", "Mijn verzending"
"Cancel order", "Bestelling annuleren"
"Others", "Overig"
"Please select your question or complaint", "Maak alsjeblieft een keuze"
"Contact", "Contact"
"How can we help you?", "Hoe kunnen wij u helpen?"
"DIRECT CUSTOMER SUPPORT","KLANT SUPPORT"
"Login", "Inloggen"
"Please login to continue with direct support.", "Log in om door te gaan met directe ondersteuning."
"Not (yet) a customer? You can get in contact with our support team <a href=""javascript:otherQuestion()"">here</a>", "Ben je nog geen klant of heb je een algemene vraag? Neem <a href=""javascript:otherQuestion()"">hier</a> contact met ons op"
"Next", "Volgende"
"Other", "Overig"
"change", "wijzig"
"Please fill in the required fields", "Vul alsjeblieft alle velden in"
"View all topics","Alle onderwerpen..."
"Which house number do you mean?","Welk huisnummer bedoel je?"
"Search for help by topic, keywords","Populaire onderwerpen: verzending, retour, betaling"
"return","retour"
"shipping","verzending"
"payment","betaling"
"Cash On Delivery","Onder Rembours"
"Credit Card","Kredietkaart"
"Shipping & Handling","Verzend en Behandelkosten"
"Go back","Ga terug"
"You aren't subscribed to our newsletter.","Momenteel bent u niet op een nieuwsbrief geabonneerd."
"VAT number","BTW nummer"
"It's a default billing address.","Het is een standaard factuuradres."
"It's a default shipping address.","Het is een standaard verzendadres."
"You have placed no orders.","U heeft geen bestellingen geplaatst."
"You have submitted no reviews.","U hebt geen reviews verstuurd."
"Subscription option","Abonnement optie"
"Read Privacy Policy","Lees het privacybeleid"
"Read Cookie Policy","Cookiebeleid lezen"
"Download personal data","Persoonlijke gegevens downloaden"
"Here you can download a copy of your personal data which we store for your account in CSV format.","Hier kunt u een kopie downloaden van uw persoonlijke gegevens die wij voor uw account opslaan in CSV-indeling."
"Download","Downloaden"
"Anonymise personal data","Anonimiseer persoonsgegevens"
"Anonymising your personal data means that it will be replaced with non-personal anonymous information and before that you will get your new login to your e-mail address (your password will stay the same). After this process, your e-mail address and all other personal data will be removed from the website.","Het anonimiseren van uw persoonlijke gegevens betekent dat deze worden vervangen door niet-persoonlijke anonieme informatie en daarvoor krijgt u uw nieuwe login op uw e-mailadres (uw wachtwoord blijft hetzelfde). Na dit proces worden uw e-mailadres en alle andere persoonlijke gegevens van de website verwijderd."
"I agree and I want to proceed","Ik ga akkoord en ik wil doorgaan"
"Proceed","Doorgaan"
"Delete account","Account verwijderen"
"I understand and I want to delete my account","Ik begrijp het en ik wil mijn account verwijderen"
"Submit request","Aanvraag indienen"
"Anonymising your personal data means that it will be replaced
                        with non-personal anonymous information and before that you will get your
                        new login to your e-mail address (your password will stay the same). After this process,
                        your e-mail address and all other personal data will be removed from the website.","Het anonimiseren van uw persoonsgegevens betekent dat deze worden vervangen
                        met niet-persoonlijke anonieme informatie en daarvoor krijgt u uw
                        nieuwe login op uw e-mailadres (uw wachtwoord blijft hetzelfde). Na dit proces,
                        uw e-mailadres en alle overige persoonsgegevens worden van de website verwijderd."
"Request to remove your account, together with all your personal data,
                         will be processed by our staff.<br>Deleting your account will remove all the purchase
                         history, discounts, orders, invoices and all other information that might be related to your
                         account or your purchases.<br>All your orders and similar information will be
                         lost.<br>You will not be able to restore access to your account after
                         we approve your removal request.","Verzoek om uw account te verwijderen, samen met al uw persoonlijke gegevens,
                         wordt door onze medewerkers verwerkt.<br>Als u uw account verwijdert, worden alle aankopen verwijderd
                         geschiedenis, kortingen, bestellingen, facturen en alle andere informatie die te maken kan hebben met uw
                         account of uw aankopen.<br>Al uw bestellingen en soortgelijke informatie worden
                         verloren.<br>U kunt de toegang tot uw account hierna niet meer herstellen
                         we keuren uw verwijderingsverzoek goed."
"Policies text","Beleidstekst"
"You have no other address entries in your address book.","U heeft geen andere adresvermeldingen in uw adresboek."
"%s Item(s)","%s artikel(en)"
"%1 Item(s)","%1 artikel(en)"
"You saved the account information.","U heeft de accountgegevens opgeslagen."
"Please select a region, state or province.","Selecteer een regio, staat of provincie."
"You updated your password.","Je hebt je wachtwoord bijgewerkt."
"If there is an account associated with %1 you will receive an email with a link to reset your password.","Als er een account aan %1 is gekoppeld, ontvangt u een e-mail met een link om uw wachtwoord opnieuw in te stellen."
"If there is an account associated with %s you will receive an email with a link to reset your password.","Als er een account aan %s is gekoppeld, ontvangt u een e-mail met een link om uw wachtwoord opnieuw in te stellen."
"Ship To","Verzend naar"
"Reorder","Opnieuw ordenen"
"Recently Ordered","Onlangs besteld"
"View All","Bekijk alles"
"The account sign-in was incorrect or your account is disabled temporarily. Please wait and try again later.","De accountaanmelding was onjuist of uw account is tijdelijk uitgeschakeld. Even geduld a.u.b. en probeer het later opnieuw."
"Login and password are required.","Login en wachtwoord zijn vereist."
"You will be redirected to the PayPal website.","U wordt doorgestuurd naar de PayPal-website."
"Select Store:","Selecteer winkel:"
"Items Ordered","Artikelen besteld"
"Order information","Order informatie"
"You have signed out and will go to our homepage in 5 seconds.","U bent uitgelogd en gaat binnen 5 seconden naar onze homepage."
"You have not set a default shipping address.","U heeft geen standaard verzendadres ingesteld."
"Minimum length of this field must be equal or greater than %1 symbols. Leading and trailing spaces will be ignored.","De minimale lengte van dit veld moet gelijk zijn aan of groter zijn dan %1 symbolen. Voorloop- en volgspaties worden genegeerd."
"Minimum of different classes of characters in password is %1. Classes of characters: Lower Case, Upper Case, Digits, Special Characters.","Het minimum aantal verschillende klassen van tekens in het wachtwoord is %1. Klassen van tekens: kleine letters, hoofdletters, cijfers, speciale tekens."
"Please enter the same value again.","Voer dezelfde waarde nogmaals in."
"The minimum password length is %s","De minimale wachtwoordlengte is %s"
"Please enter your email address below to receive a password reset link.","Voer hieronder uw e-mailadres in om een ​​link voor het opnieuw instellen van uw wachtwoord te ontvangen."
"Set a New Password","Stel een nieuw wachtwoord in"
"Forgot your password?","Uw wachtwoord vergeten?"
"Thanks for reaching out to us we'll soon be in contact.","Bedankt voor je bericht. We nemen contact op met je."
"Welcome to","Welkom bij"
"Welcome to %store_name.","Welkom bij %store_name."
"Welcome to %store_name","Welkom bij %store_name"
"Welcome to %s.","Welkom bij %s."
"Welcome to %1.","Welkom bij %1."
"To sign in to our site and set a password, click on the <a href=""%create_password_url"">link</a>:","Om je te registreren en een wachtwoord aan te maken, klik op de volgende <a href=""%create_password_url"">link</a>:"
"To sign in to our site and set a password, click on the <a href=""%s"">link</a>:","Om je te registreren en een wachtwoord aan te maken, klik op de volgende <a href=""%s"">link</a>:"
"To sign in to our site and set a password, click on the <a href=""%1"">link</a>:","Om je te registreren en een wachtwoord aan te maken, klik op de volgende <a href=""%1"">link</a>:"
"Email:","Email:"
"When you sign in to your account, you will be able to:","Door je te registreren kun je:"
"Proceed through checkout faster","Het betalingsproces sneller doorlopen"
"Check the status of orders","De status van je orders bekijken"
"View past orders","Vorige bestellingen bekijken"
"Store alternative addresses (for shipping to multiple family members and friends)","En meerdere verzendadressen opslaan (bijvoorbeeld om naar vrienden te versturen)"
"Thank you, %store_name","Bedankt, %store_name"
"Thank you, %s","Bedankt, %s"
"Thank you, %1","Bedankt, %1"
"My Recent Reviews","Mijn recente reviews"
"Invoices","Facturen"
"Order Shipments","Zendingen bestellen"
"Back to My Orders","Terug naar Mijn bestellingen"
"Order # %1","Bestel # %1"
"Print All Invoices","Alle facturen afdrukken"
"Invoice #","Factuur #"
"Print Invoice","Factuur afdrukken"
"Qty Invoiced","Aantal gefactureerd"
"Order Information","Order Informatie"
"You submitted your review for moderation.","Je hebt je review ingediend voor moderatie."
"Print All Shipments","Alle zendingen afdrukken"
"Shipment #","Zending #"
"Shipment #%1","Zending #%1"
"Print Shipment","Zending afdrukken"
"Track this shipment","Deze zending volgen"
"Qty Shipped","Aantal verzonden"
"Refunds","Terugbetalingen"
"Print All Refunds","Alle terugbetalingen afdrukken"
"Refund #","Terugbetaling #"
"Refund #%1","Terugbetaling #%1"
"Print Refund","Terugbetaling afdrukken"
"Discount Amount","Korting hoeveelheid"
"Row Total","Totaal"
"Discount (%1)","Korting (%1)"
"Request to change delivery address","Verzoek adreswijziging"
"Request for cancellation","Verzoek annuleren bestelling"
"SEE LESS","ZIE MINDER"
"How do you rate this product?","Hoe waardeert u dit product?"
"Nickname","Schermnaam"
"Summary of your Review","Samenvatting van uw review"
"Review","Beoordeling"
"Submit Review","Review versturen"
"You submitted your review for moderation.","Je hebt je review ingediend voor moderatie."
"Ship here","Schip hier"
"Welcome, %1!","Welkom, %1!"
"Shipments","Zendingen"
"ALL REVIEWS","ALLE BEOORDELINGEN"
"All Reviews","Alle beoordelingen"
"View all reviews","Bekijk alle beoordelingen"
"View All Reviews","Bekijk alle beoordelingen"
"Update Cart","Winkelwagen bijwerken"
"I Agree","Ik ga akkoord"
"Cancel Coupon","Kortingsbon annuleren"
"Your coupon was successfully applied.","Uw coupon is succesvol toegepast."
"Your coupon was successfully removed.","Uw coupon is succesvol verwijderd."
"Your order number is: %1","Uw bestelnummer is: %1"
"Your order # is: <span>%1</span>.","Uw bestelnummer is: <span>%1</span>."
"We\'ll email you an order confirmation with details and tracking info.","We sturen je een orderbevestiging met details en trackinginformatie."
"Click <a href=""%1"" onclick=""this.target=\'_blank\'"">here to print</a> a copy of your order confirmation.","Klik <a href=""%1"" onclick=""this.target=\'_blank\'"">hier om</a> een kopie van uw orderbevestiging af te drukken."
"%1 was updated in your shopping cart.","%1 is bijgewerkt in uw winkelwagen."
"I have a question about","Ik heb een vraag over"
"How Do You Rate This Product?","Hoe waardeert u dit product?"
"Ship Here","Schip hier"
"Sort by","Sorteer"
"Cancel coupon","Kortingsbon annuleren"
"Click <a href=""%1"">here</a> to continue shopping.","Klik <a href=""%1"">hier</a> om door te gaan met winkelen."
"Password Strength","Wachtwoord sterkte"
"No Password","Geen wachtwoord"
"Weak","Zwak"
"Medium","Medium"
"Strong","Sterk"
"Very Strong","Heel sterk"
"There is already an account with this email address. If you are sure that it is your email address, <a href=""%1"">click here</a> to get your password and access your account.","Er is al een account met dit e-mailadres. Als u zeker weet dat dit uw e-mailadres is, <a href=""%1"">klikt u hier</a> om uw wachtwoord te verkrijgen en toegang te krijgen tot uw account."
"Sorry, no quotes are available for this order.","Sorry, er zijn geen offertes beschikbaar voor deze bestelling."
"Get shipping methods and rates","Verzendmethoden en tarieven ophalen"
"You don\'t need to select a shipping method.","U hoeft geen verzendmethode te selecteren."
"Incl. Tax","Incl. BTW"
"Incl. tax","Incl. btw"
"Excl. Tax","Excl. BTW"
"Excl. tax","Excl. btw"
"Total incl. tax","Totaal incl. btw"
"Total excl. tax","Totaal ezcl. btw"
"Refund Shipping (Incl. Tax)","Verzendkosten terugbetalen (incl. btw)"
"Refund Shipping (Excl. Tax)","Verzendkosten terugbetalen (excl. btw)"
"Refund Shipping","Verzendkosten terugbetalen"
"Click to change shipping method","Klik om de verzendmethode te wijzigen"
"Save in address book","Opslaan in adresboek"
"Please specify a regionId in shipping address.","Geef een region-ID op in het verzendadres."
"New Customers","Nieuwe klanten"
"Registered Customers","Geregistreerde klanten"
"By creating an account with our store, you will be able to move through the checkout process faster, store multiple shipping addresses, view and track your orders in your account and more.","Door een account aan te maken in deze winkel kunt u het betalingsproces sneller doorlopen, meerdere verzendadressen opslaan, bestellingen bekijken en volgen en meer."
"If you have an account with us, please log in.","Als u een account bij ons hebt, log dan in a.u.b."
"Coupon code is not valid","Kortingscode is niet geldig"
"Login or Create an Account","Inloggen of een account aanmaken"
"View and Edit Cart","Bekijk en bewerk winkelwagen"
"We can't find products matching the selection.","We kunnen geen producten vinden die overeenkomen met de selectie."
"GoCustomized - Design your product","GoCustomized - Ontwerp je product"
"You're reviewing:","Je beoordeelt nu:"
"You're reviewing:\n%s","Je beoordeelt nu:\n%s"
"You coupon was successfully applied.","Uw coupon is succesvol toegepast."
"No Payment Methods","Geen Betaalmethoden"
"You have no items in your shopping cart.","U heeft geen artikelen in uw winkelwagen."
"Quality","Kwaliteit"
"star","ster"
"Go Back","Ga terug"
"Please make sure your passwords match.","Zorg er alstublieft voor dat uw wachtwoorden overeenkomen."
"We can\'t save the customer.","We kunnen de klant niet redden."
"Thank you for registering with %1.","Bedankt voor het registreren bij %1."
"Print Order","Printopdracht"
"<span class=""label"">Order Date:</span> %1","<span class=""label"">Besteldatum:</span> %1"
"Price","Prijs"
"price","prijs"
"Filter","Filter"
"filter","filter"
"Could not apply coupon code","Kon couponcode niet toepassen"
"The shipping address is missing. Set the address and try again.","Het verzendadres ontbreekt. Stel het adres in en probeer het opnieuw."
"Please type the letters below","Typ de onderstaande letters a.u.b."
"Products Reviews","Producten Beoordelingen"
"Currently Shopping by","Momenteel winkelen door"
"Currently Shopping by:","Momenteel winkelen door:"
"Reviews %1","Beoordelingen %1"
"You save the address.","Je slaat het adres op."
"Reset My Password","Reset mijn wachtwoord"
"Incorrect CAPTCHA","Onjuiste CAPTCHA"
"A login and a password are required.","Een login en een wachtwoord zijn vereist."
"Your search returned no results.","Uw zoekopdracht heeft geen resultaten opgeleverd."
"Did you mean","Bedoelde je"
"Search results for: '%1'","Zoekresultaten voor: '%1'"
"Ordered","Besteld"
"Shipped","Verzonden"
"Create New Customer Account","Nieuw klantaccount aanmaken"
"Personal Information","Persoonlijke informatie"
"Sign Up for Newsletter","Aanmelden voor Nieuwsbrief"
"Login Information","Login Informatie"
"Review by","Beoordeling door"
"Posted on","Geplaatst op"
"1 star","1 ster"
"2 stars","2 sterren"
"3 stars","3 sterren"
"4 stars","4 sterren"
"5 stars","5 sterren"
"Please select a pickup location.","Selecteer een ophaallocatie."
"Already a customer?","Al een klant?"
"Receive a faster answer about your order by login in below.","Ontvang een snel antwoord over je bestelling door beneden in te loggen."
"Customer accounts are created when you place an order. An email to activate your account was sent the same day. Did not receive that email? Activate your account by resetting your password <a href=""%1"">here</a>.","Klantaccounts worden gemaakt wanneer je een bestelling plaatst. Een e-mail om je account te activeren wordt dezelfde dag verstuurd. Heb jij dat e-mail niet ontvangen? Activeer jouw account door je wachtwoord <a href=""%1"">hier</a> te resetten."
"Customer Contact","Klantcontact"
"Not yet a customer? If you haven’t placed an order with us, please fill out our contact form.","Nog geen klant? Als je geen bestelling hebt geplaatst, vul dan alstublieft ons contactformulier in."
"Fill out contact form","Vul het contactformulier in"
"Not yet a customer?","Nog geen klant?"
"If you haven’t placed an order with us, please fill out our contact form below. If your question is about your order, please login <span class=""login"">here</span>. This will help us give you a faster answer!","Als je geen bestelling bij ons hebt geplaatst, vul dan alstublieft ons contactformulier hieronder in. Als je een vraag hebt over je bestelling, log dan <span class=""login"">hier</span> in. Dit helpt ons om een sneller antwoord te geven."
"General contact form:","Algemene contactformulier:"
"Login to your account","Log in op je account"
"Check your inbox, we’ll send you...","Bekijk je inbox, wij verzenden..."
"An email to activate your Customer Account to follow up your order.","Een e-mail om jouw klantaccount te activeren om je bestelling te volgen."
"Your order confirmation with the details of your purchase.","Een bevestiging van je bestelling met de details van je aankoop."
"Activate your customer account – Review your order details in one place.","Activeer je klantaccount - Bekijk gegevens van je bestelling op een plek."
"Your customer account has been created.","Jouw klantaccount is gemaakt."
"Follow up your order, get direct support, and much more by activating your account! <br/>You just need to set up a password.","Volg je bestelling, ontvang direct hulp en nog veel meer door je account te activeren! <br/>Het enige wat je nodig hebt is een wachtwoord."
"<a href=""%create_password_url"">Activate your account</a>","<a href=""%create_password_url"">Activeer jouw account</a>"
"It might help you to check our delivery information.","Het kan je helpen om informatie van onze levering te bekijken."
"By placing an order a customer account is automatically created.","Door een bestelling te plaatsen, wordt een klantaccount automatisch gemaakt."
"You are signed out","Je bent uitgelogd"
"Please enter your email address below. You will receive a link to reset your password.","Vul hieronder uw e-mailadres in. U ontvangt een link om uw wachtwoord opnieuw in te stellen."
"Track Shipment","Zending volgen"
"No Faqs Found!","Geen veelgestelde vragen gevonden!"
"Your order was successfully received (order number: %1).","Jouw bestelling is met succes ontvangen (ordernummer: %1)."
"We expect to deliver your order around %1 and %2.","Wij verwachten jouw bestelling rond %1 and %2 te leveren."
"We expect to deliver your order on %1.","We verwachten jouw bestelling te leveren op %1."
"Select one or multiple options to receive your order ready for a gift.","Selecteer een of meerdere opties om je bestelling te ontvangen als cadeau."
"Add to Cart","In winkelwagen"
"ADD TO CART","IN WINKELWAGEN"
"Choose your gift options","Kies je cadeau opties"
"I want it","Voeg toe"
"Add","Voeg toe"
"ADD","VOEG TOE"
"Complete your order","Maak je order compleet"
"COMPLETE YOUR ORDER","MAAK JE ORDER COMPLEET"
"CONTINUE TO CART","NAAR WINKELWAGEN"
"Gift options","Cadeau opties"
"Make it a gift","Maak er een cadeau van"